<?xml version="1.0" encoding="UTF-8"?>
<!DOCTYPE mapper PUBLIC "-//mybatis.org//DTD Mapper 3.0//EN" "http://mybatis.org/dtd/mybatis-3-mapper.dtd">
<mapper namespace="com.prj.users.mapper.UserMapper">  
 	<select id="login">
 		SELECT *
 		FROM USERS
 		WHERE USER_ID = #{arg0} AND USER_PW =#{arg1}
 	</select>
 	
 	<insert id="insertUser">
 		INSERT INTO USERS
 		VALUES(
 			    (SELECT NVL(MAX(USER_IDX)+1,0) FROM USERS),
			    #{user_id},
			    #{user_pw},
			    #{user_name},
			    #{user_birthdate},
			    #{user_gender},
			    #{user_tel},
			    #{user_email}
 		)
 	</insert>
 	
 	<select id="countR" >
 	 SELECT COUNT(*)
     FROM RESUME
     WHERE USER_IDX=#{user_idx}	
 	</select>
 	
 	 <select id="countB" >
 	SELECT COUNT(*)
    FROM USER_BOOKMARK
    WHERE USER_IDX=#{user_idx}	
 	</select>
 	
 	<select id="countA" >
	SELECT COUNT(*)
	FROM APPLICATION
	WHERE RESUME_IDX IN(
    SELECT RESUME_IDX
    FROM RESUME
    WHERE USER_IDX= #{user_idx}	)
 	</select>
 	
  	<select id="countS" >
 	 SELECT COUNT(*)
     FROM SCOUT
     WHERE USER_IDX=#{user_idx}	
 	</select>	
 	
 	<select id="getUser">
 	 SELECT *
     FROM USERS
     WHERE USER_IDX=#{user_idx}	
 	
 	</select>
 	
 	<update id="updateUser">
    UPDATE USERS
    SET 
        USER_NAME = #{user_name},
        USER_BIRTHDATE = #{user_birthdate},
        USER_TEL = #{user_tel},
        USER_EMAIL = #{user_email} 
    WHERE USER_IDX = #{user_idx}
    </update>
    
    <select id="getApplycation">
    SELECT     
		APPLI_IDX,
		RESUME_IDX,
		POST_IDX,
		APPLI_DATE,
		APPLI_STATUS
		FROM APPLICATION                 
  		WHERE RESUME_IDX IN (
                    			SELECT RESUME_IDX
                    			FROM  RESUME 
                    			WHERE USER_IDX = #{user_idx})  
    
    </select>
    
    
    
</mapper>

















