--------------------------------------------------------
--  파일이 생성됨 - 금요일-10월-25-2024   
--------------------------------------------------------
--------------------------------------------------------
--  DDL for Table APPLICATION
--------------------------------------------------------

  CREATE TABLE "PROJECT1"."APPLICATION" 
   (	"APPLI_IDX" NUMBER(10,0), 
	"RESUME_IDX" NUMBER(10,0), 
	"POST_IDX" NUMBER(10,0), 
	"APPLI_DATE" DATE DEFAULT SYSDATE, 
	"APPLI_STATUS" VARCHAR2(30 BYTE) DEFAULT '면접대기'
   ) SEGMENT CREATION IMMEDIATE 
  PCTFREE 10 PCTUSED 40 INITRANS 1 MAXTRANS 255 
 NOCOMPRESS LOGGING
  STORAGE(INITIAL 65536 NEXT 1048576 MINEXTENTS 1 MAXEXTENTS 2147483645
  PCTINCREASE 0 FREELISTS 1 FREELIST GROUPS 1
  BUFFER_POOL DEFAULT FLASH_CACHE DEFAULT CELL_FLASH_CACHE DEFAULT)
  TABLESPACE "USERS" ;
  GRANT SELECT ON "PROJECT1"."APPLICATION" TO "STUDY01";
--------------------------------------------------------
--  DDL for Table CAREER
--------------------------------------------------------

  CREATE TABLE "PROJECT1"."CAREER" 
   (	"CAREER_ID" NUMBER(10,0), 
	"CAREER_NAME" VARCHAR2(30 BYTE)
   ) SEGMENT CREATION IMMEDIATE 
  PCTFREE 10 PCTUSED 40 INITRANS 1 MAXTRANS 255 
 NOCOMPRESS LOGGING
  STORAGE(INITIAL 65536 NEXT 1048576 MINEXTENTS 1 MAXEXTENTS 2147483645
  PCTINCREASE 0 FREELISTS 1 FREELIST GROUPS 1
  BUFFER_POOL DEFAULT FLASH_CACHE DEFAULT CELL_FLASH_CACHE DEFAULT)
  TABLESPACE "USERS" ;
--------------------------------------------------------
--  DDL for Table CITY
--------------------------------------------------------

  CREATE TABLE "PROJECT1"."CITY" 
   (	"CITY_ID" NUMBER(10,0), 
	"CITY_NAME" VARCHAR2(30 BYTE)
   ) SEGMENT CREATION IMMEDIATE 
  PCTFREE 10 PCTUSED 40 INITRANS 1 MAXTRANS 255 
 NOCOMPRESS LOGGING
  STORAGE(INITIAL 65536 NEXT 1048576 MINEXTENTS 1 MAXEXTENTS 2147483645
  PCTINCREASE 0 FREELISTS 1 FREELIST GROUPS 1
  BUFFER_POOL DEFAULT FLASH_CACHE DEFAULT CELL_FLASH_CACHE DEFAULT)
  TABLESPACE "USERS" ;
--------------------------------------------------------
--  DDL for Table COMPANY_BOOKMARK
--------------------------------------------------------

  CREATE TABLE "PROJECT1"."COMPANY_BOOKMARK" 
   (	"CB_IDX" NUMBER(10,0), 
	"RESUME_IDX" NUMBER(10,0), 
	"COMPANY_IDX" NUMBER(10,0)
   ) SEGMENT CREATION DEFERRED 
  PCTFREE 10 PCTUSED 40 INITRANS 1 MAXTRANS 255 
 NOCOMPRESS LOGGING
  TABLESPACE "USERS" ;
--------------------------------------------------------
--  DDL for Table COMPANYS
--------------------------------------------------------

  CREATE TABLE "PROJECT1"."COMPANYS" 
   (	"COMPANY_IDX" NUMBER(10,0), 
	"COMPANY_ID" VARCHAR2(30 BYTE), 
	"COMPANY_PW" VARCHAR2(30 BYTE), 
	"COMPANY_NAME" VARCHAR2(30 BYTE), 
	"COMPANY_BRNUM" VARCHAR2(30 BYTE), 
	"COMPANY_TEL" VARCHAR2(30 BYTE), 
	"COMPANY_AREA" VARCHAR2(30 BYTE), 
	"REP_NAME" VARCHAR2(30 BYTE), 
	"COMPANY_EMAIL" VARCHAR2(300 BYTE), 
	"COMPANY_POINT" NUMBER(10,2)
   ) SEGMENT CREATION IMMEDIATE 
  PCTFREE 10 PCTUSED 40 INITRANS 1 MAXTRANS 255 
 NOCOMPRESS LOGGING
  STORAGE(INITIAL 65536 NEXT 1048576 MINEXTENTS 1 MAXEXTENTS 2147483645
  PCTINCREASE 0 FREELISTS 1 FREELIST GROUPS 1
  BUFFER_POOL DEFAULT FLASH_CACHE DEFAULT CELL_FLASH_CACHE DEFAULT)
  TABLESPACE "USERS" ;
--------------------------------------------------------
--  DDL for Table DUTY
--------------------------------------------------------

  CREATE TABLE "PROJECT1"."DUTY" 
   (	"DUTY_ID" NUMBER(10,0), 
	"DUTY_NAME" VARCHAR2(30 BYTE)
   ) SEGMENT CREATION IMMEDIATE 
  PCTFREE 10 PCTUSED 40 INITRANS 1 MAXTRANS 255 
 NOCOMPRESS LOGGING
  STORAGE(INITIAL 65536 NEXT 1048576 MINEXTENTS 1 MAXEXTENTS 2147483645
  PCTINCREASE 0 FREELISTS 1 FREELIST GROUPS 1
  BUFFER_POOL DEFAULT FLASH_CACHE DEFAULT CELL_FLASH_CACHE DEFAULT)
  TABLESPACE "USERS" ;
--------------------------------------------------------
--  DDL for Table EDU
--------------------------------------------------------

  CREATE TABLE "PROJECT1"."EDU" 
   (	"EDU_ID" NUMBER(10,0), 
	"EDU_NAME" VARCHAR2(30 BYTE)
   ) SEGMENT CREATION IMMEDIATE 
  PCTFREE 10 PCTUSED 40 INITRANS 1 MAXTRANS 255 
 NOCOMPRESS LOGGING
  STORAGE(INITIAL 65536 NEXT 1048576 MINEXTENTS 1 MAXEXTENTS 2147483645
  PCTINCREASE 0 FREELISTS 1 FREELIST GROUPS 1
  BUFFER_POOL DEFAULT FLASH_CACHE DEFAULT CELL_FLASH_CACHE DEFAULT)
  TABLESPACE "USERS" ;
--------------------------------------------------------
--  DDL for Table EMP
--------------------------------------------------------

  CREATE TABLE "PROJECT1"."EMP" 
   (	"EMP_ID" NUMBER(10,0), 
	"EMP_NAME" VARCHAR2(30 BYTE)
   ) SEGMENT CREATION IMMEDIATE 
  PCTFREE 10 PCTUSED 40 INITRANS 1 MAXTRANS 255 
 NOCOMPRESS LOGGING
  STORAGE(INITIAL 65536 NEXT 1048576 MINEXTENTS 1 MAXEXTENTS 2147483645
  PCTINCREASE 0 FREELISTS 1 FREELIST GROUPS 1
  BUFFER_POOL DEFAULT FLASH_CACHE DEFAULT CELL_FLASH_CACHE DEFAULT)
  TABLESPACE "USERS" ;
--------------------------------------------------------
--  DDL for Table POST
--------------------------------------------------------

  CREATE TABLE "PROJECT1"."POST" 
   (	"POST_IDX" NUMBER(10,0), 
	"COMPANY_IDX" NUMBER(10,0), 
	"DUTY_ID" NUMBER(10,0), 
	"CAREER_ID" NUMBER(10,0), 
	"EMP_ID" NUMBER(10,0), 
	"CITY_ID" NUMBER(10,0), 
	"EDU_ID" NUMBER(10,0), 
	"POST_TITLE" VARCHAR2(100 BYTE), 
	"POST_CONTENT" VARCHAR2(1000 BYTE), 
	"POST_SALARY" VARCHAR2(30 BYTE), 
	"POST_HIT" NUMBER(10,0) DEFAULT 0, 
	"POST_DDATE" DATE, 
	"POST_CDATE" DATE DEFAULT SYSDATE, 
	"POST_FDATE" DATE DEFAULT SYSDATE
   ) SEGMENT CREATION IMMEDIATE 
  PCTFREE 10 PCTUSED 40 INITRANS 1 MAXTRANS 255 
 NOCOMPRESS LOGGING
  STORAGE(INITIAL 65536 NEXT 1048576 MINEXTENTS 1 MAXEXTENTS 2147483645
  PCTINCREASE 0 FREELISTS 1 FREELIST GROUPS 1
  BUFFER_POOL DEFAULT FLASH_CACHE DEFAULT CELL_FLASH_CACHE DEFAULT)
  TABLESPACE "USERS" ;
--------------------------------------------------------
--  DDL for Table POST_SKILL
--------------------------------------------------------

  CREATE TABLE "PROJECT1"."POST_SKILL" 
   (	"POST_SKILL_IDX" NUMBER(10,0), 
	"POST_IDX" NUMBER(10,0), 
	"SKILL_ID" NUMBER(10,0)
   ) SEGMENT CREATION IMMEDIATE 
  PCTFREE 10 PCTUSED 40 INITRANS 1 MAXTRANS 255 
 NOCOMPRESS LOGGING
  STORAGE(INITIAL 65536 NEXT 1048576 MINEXTENTS 1 MAXEXTENTS 2147483645
  PCTINCREASE 0 FREELISTS 1 FREELIST GROUPS 1
  BUFFER_POOL DEFAULT FLASH_CACHE DEFAULT CELL_FLASH_CACHE DEFAULT)
  TABLESPACE "USERS" ;
--------------------------------------------------------
--  DDL for Table RESUME
--------------------------------------------------------

  CREATE TABLE "PROJECT1"."RESUME" 
   (	"RESUME_IDX" NUMBER(10,0), 
	"USER_IDX" NUMBER(10,0), 
	"DUTY_ID" NUMBER(10,0), 
	"CITY_ID" NUMBER(10,0), 
	"EMP_ID" NUMBER(10,0), 
	"EDU_ID" NUMBER(10,0), 
	"RESUME_TITLE" VARCHAR2(100 BYTE), 
	"EB_NAME" VARCHAR2(50 BYTE), 
	"COVER_LETTER" VARCHAR2(1000 BYTE), 
	"RESUME_HIT" NUMBER(10,0) DEFAULT 0, 
	"RESUME_CDATE" DATE DEFAULT SYSDATE, 
	"RESUME_FDATE" DATE DEFAULT SYSDATE
   ) SEGMENT CREATION IMMEDIATE 
  PCTFREE 10 PCTUSED 40 INITRANS 1 MAXTRANS 255 
 NOCOMPRESS LOGGING
  STORAGE(INITIAL 65536 NEXT 1048576 MINEXTENTS 1 MAXEXTENTS 2147483645
  PCTINCREASE 0 FREELISTS 1 FREELIST GROUPS 1
  BUFFER_POOL DEFAULT FLASH_CACHE DEFAULT CELL_FLASH_CACHE DEFAULT)
  TABLESPACE "USERS" ;
--------------------------------------------------------
--  DDL for Table RESUME_CAREER
--------------------------------------------------------

  CREATE TABLE "PROJECT1"."RESUME_CAREER" 
   (	"CAREER_IDX" NUMBER(10,0), 
	"RESUME_IDX" NUMBER(10,0), 
	"CAREER_CNAME" VARCHAR2(50 BYTE), 
	"CAREER_DESCRIPTION" VARCHAR2(1000 BYTE), 
	"CAREER_SDATE" VARCHAR2(30 BYTE), 
	"CAREER_EDATE" VARCHAR2(30 BYTE) DEFAULT SYSDATE
   ) SEGMENT CREATION IMMEDIATE 
  PCTFREE 10 PCTUSED 40 INITRANS 1 MAXTRANS 255 
 NOCOMPRESS LOGGING
  STORAGE(INITIAL 65536 NEXT 1048576 MINEXTENTS 1 MAXEXTENTS 2147483645
  PCTINCREASE 0 FREELISTS 1 FREELIST GROUPS 1
  BUFFER_POOL DEFAULT FLASH_CACHE DEFAULT CELL_FLASH_CACHE DEFAULT)
  TABLESPACE "USERS" ;
--------------------------------------------------------
--  DDL for Table RESUME_SKILL
--------------------------------------------------------

  CREATE TABLE "PROJECT1"."RESUME_SKILL" 
   (	"RESUME_SKILL_IDX" NUMBER(10,0), 
	"RESUME_IDX" NUMBER(10,0), 
	"SKILL_ID" NUMBER(10,0)
   ) SEGMENT CREATION DEFERRED 
  PCTFREE 10 PCTUSED 40 INITRANS 1 MAXTRANS 255 
 NOCOMPRESS LOGGING
  TABLESPACE "USERS" ;
--------------------------------------------------------
--  DDL for Table REVIEW
--------------------------------------------------------

  CREATE TABLE "PROJECT1"."REVIEW" 
   (	"REVIEW_IDX" NUMBER(10,0), 
	"USER_IDX" NUMBER(10,0), 
	"COMPANY_IDX" NUMBER(10,0), 
	"TOT_POIN" NUMBER(10,0), 
	"WC_POINT" NUMBER(10,0), 
	"WLB_POINT" NUMBER(10,0), 
	"CC_POINT" NUMBER(10,0), 
	"PO_POINT" NUMBER(10,0), 
	"EM_POINT" NUMBER(10,0), 
	"REVIEW_PROS" VARCHAR2(50 BYTE), 
	"REVIEW_CON" VARCHAR2(50 BYTE)
   ) SEGMENT CREATION DEFERRED 
  PCTFREE 10 PCTUSED 40 INITRANS 1 MAXTRANS 255 
 NOCOMPRESS LOGGING
  TABLESPACE "USERS" ;
--------------------------------------------------------
--  DDL for Table SCOUT
--------------------------------------------------------

  CREATE TABLE "PROJECT1"."SCOUT" 
   (	"SCOUT_IDX" NUMBER(10,0), 
	"USER_IDX" NUMBER(10,0), 
	"POST_IDX" NUMBER(10,0), 
	"SCOUT_DATE" DATE DEFAULT SYSDATE
   ) SEGMENT CREATION DEFERRED 
  PCTFREE 10 PCTUSED 40 INITRANS 1 MAXTRANS 255 
 NOCOMPRESS LOGGING
  TABLESPACE "USERS" ;
--------------------------------------------------------
--  DDL for Table SKILL
--------------------------------------------------------

  CREATE TABLE "PROJECT1"."SKILL" 
   (	"SKILL_ID" NUMBER(10,0), 
	"SKILL_NAME" VARCHAR2(50 BYTE)
   ) SEGMENT CREATION IMMEDIATE 
  PCTFREE 10 PCTUSED 40 INITRANS 1 MAXTRANS 255 
 NOCOMPRESS LOGGING
  STORAGE(INITIAL 65536 NEXT 1048576 MINEXTENTS 1 MAXEXTENTS 2147483645
  PCTINCREASE 0 FREELISTS 1 FREELIST GROUPS 1
  BUFFER_POOL DEFAULT FLASH_CACHE DEFAULT CELL_FLASH_CACHE DEFAULT)
  TABLESPACE "USERS" ;
--------------------------------------------------------
--  DDL for Table USER_BOOKMARK
--------------------------------------------------------

  CREATE TABLE "PROJECT1"."USER_BOOKMARK" 
   (	"UB_IDX" NUMBER(10,0), 
	"USER_IDX" NUMBER(10,0), 
	"POST_IDX" NUMBER(10,0)
   ) SEGMENT CREATION DEFERRED 
  PCTFREE 10 PCTUSED 40 INITRANS 1 MAXTRANS 255 
 NOCOMPRESS LOGGING
  TABLESPACE "USERS" ;
--------------------------------------------------------
--  DDL for Table USERS
--------------------------------------------------------

  CREATE TABLE "PROJECT1"."USERS" 
   (	"USER_IDX" NUMBER(10,0), 
	"USER_ID" VARCHAR2(30 BYTE), 
	"USER_PW" VARCHAR2(30 BYTE), 
	"USER_NAME" VARCHAR2(30 BYTE), 
	"USER_BIRTHDATE" VARCHAR2(30 BYTE), 
	"USER_GENDER" VARCHAR2(30 BYTE), 
	"USER_TEL" VARCHAR2(30 BYTE), 
	"USER_EMAIL" VARCHAR2(300 BYTE)
   ) SEGMENT CREATION IMMEDIATE 
  PCTFREE 10 PCTUSED 40 INITRANS 1 MAXTRANS 255 
 NOCOMPRESS LOGGING
  STORAGE(INITIAL 65536 NEXT 1048576 MINEXTENTS 1 MAXEXTENTS 2147483645
  PCTINCREASE 0 FREELISTS 1 FREELIST GROUPS 1
  BUFFER_POOL DEFAULT FLASH_CACHE DEFAULT CELL_FLASH_CACHE DEFAULT)
  TABLESPACE "USERS" ;
REM INSERTING into PROJECT1.APPLICATION
SET DEFINE OFF;
Insert into PROJECT1.APPLICATION (APPLI_IDX,RESUME_IDX,POST_IDX,APPLI_DATE,APPLI_STATUS) values (0,0,0,to_date('24/10/25','RR/MM/DD'),'면접대기');
REM INSERTING into PROJECT1.CAREER
SET DEFINE OFF;
Insert into PROJECT1.CAREER (CAREER_ID,CAREER_NAME) values (10,'신입');
Insert into PROJECT1.CAREER (CAREER_ID,CAREER_NAME) values (20,'1년차');
Insert into PROJECT1.CAREER (CAREER_ID,CAREER_NAME) values (30,'2년차');
Insert into PROJECT1.CAREER (CAREER_ID,CAREER_NAME) values (40,'3년차');
Insert into PROJECT1.CAREER (CAREER_ID,CAREER_NAME) values (50,'4년차');
Insert into PROJECT1.CAREER (CAREER_ID,CAREER_NAME) values (60,'5년차+');
REM INSERTING into PROJECT1.CITY
SET DEFINE OFF;
Insert into PROJECT1.CITY (CITY_ID,CITY_NAME) values (10,'서울');
Insert into PROJECT1.CITY (CITY_ID,CITY_NAME) values (20,'부산');
Insert into PROJECT1.CITY (CITY_ID,CITY_NAME) values (30,'인천');
Insert into PROJECT1.CITY (CITY_ID,CITY_NAME) values (40,'대구');
Insert into PROJECT1.CITY (CITY_ID,CITY_NAME) values (50,'대전');
Insert into PROJECT1.CITY (CITY_ID,CITY_NAME) values (60,'광주');
Insert into PROJECT1.CITY (CITY_ID,CITY_NAME) values (70,'울산');
Insert into PROJECT1.CITY (CITY_ID,CITY_NAME) values (80,'경남');
Insert into PROJECT1.CITY (CITY_ID,CITY_NAME) values (90,'전북');
Insert into PROJECT1.CITY (CITY_ID,CITY_NAME) values (100,'충북');
REM INSERTING into PROJECT1.COMPANY_BOOKMARK
SET DEFINE OFF;
REM INSERTING into PROJECT1.COMPANYS
SET DEFINE OFF;
Insert into PROJECT1.COMPANYS (COMPANY_IDX,COMPANY_ID,COMPANY_PW,COMPANY_NAME,COMPANY_BRNUM,COMPANY_TEL,COMPANY_AREA,REP_NAME,COMPANY_EMAIL,COMPANY_POINT) values (1,'123','123','123','123','123','123','123','123',null);
Insert into PROJECT1.COMPANYS (COMPANY_IDX,COMPANY_ID,COMPANY_PW,COMPANY_NAME,COMPANY_BRNUM,COMPANY_TEL,COMPANY_AREA,REP_NAME,COMPANY_EMAIL,COMPANY_POINT) values (2,'afkaj','djgna','dagkja','dagkan','adgj','dagkn','ksadga','adg',null);
Insert into PROJECT1.COMPANYS (COMPANY_IDX,COMPANY_ID,COMPANY_PW,COMPANY_NAME,COMPANY_BRNUM,COMPANY_TEL,COMPANY_AREA,REP_NAME,COMPANY_EMAIL,COMPANY_POINT) values (0,'asd123','123','춘봉시치','123123451234123','01011111111','IT','금춘봉','asd123@naver.com',null);
Insert into PROJECT1.COMPANYS (COMPANY_IDX,COMPANY_ID,COMPANY_PW,COMPANY_NAME,COMPANY_BRNUM,COMPANY_TEL,COMPANY_AREA,REP_NAME,COMPANY_EMAIL,COMPANY_POINT) values (3,'1234567','123','1234445','1234879879','123444455','1234555','123','123555667',null);
Insert into PROJECT1.COMPANYS (COMPANY_IDX,COMPANY_ID,COMPANY_PW,COMPANY_NAME,COMPANY_BRNUM,COMPANY_TEL,COMPANY_AREA,REP_NAME,COMPANY_EMAIL,COMPANY_POINT) values (4,'karina','1234','sm','1231234','01012341234','엔터테인먼트','이수만','karina@naver.com',null);
REM INSERTING into PROJECT1.DUTY
SET DEFINE OFF;
Insert into PROJECT1.DUTY (DUTY_ID,DUTY_NAME) values (10,'경영·사무');
Insert into PROJECT1.DUTY (DUTY_ID,DUTY_NAME) values (20,'무역·유통');
Insert into PROJECT1.DUTY (DUTY_ID,DUTY_NAME) values (30,'영업·고객상담');
Insert into PROJECT1.DUTY (DUTY_ID,DUTY_NAME) values (40,'서비스');
Insert into PROJECT1.DUTY (DUTY_ID,DUTY_NAME) values (50,'마케팅·광고·홍보');
Insert into PROJECT1.DUTY (DUTY_ID,DUTY_NAME) values (60,'IT');
Insert into PROJECT1.DUTY (DUTY_ID,DUTY_NAME) values (70,'디자인');
Insert into PROJECT1.DUTY (DUTY_ID,DUTY_NAME) values (80,'연구개발');
Insert into PROJECT1.DUTY (DUTY_ID,DUTY_NAME) values (90,'생산·제조');
Insert into PROJECT1.DUTY (DUTY_ID,DUTY_NAME) values (100,'미디어');
REM INSERTING into PROJECT1.EDU
SET DEFINE OFF;
Insert into PROJECT1.EDU (EDU_ID,EDU_NAME) values (10,'고등학교 졸업');
Insert into PROJECT1.EDU (EDU_ID,EDU_NAME) values (20,'대학교 졸업');
Insert into PROJECT1.EDU (EDU_ID,EDU_NAME) values (30,'대학교 졸업 예정');
Insert into PROJECT1.EDU (EDU_ID,EDU_NAME) values (40,'석사학위');
Insert into PROJECT1.EDU (EDU_ID,EDU_NAME) values (50,'박사학위');
REM INSERTING into PROJECT1.EMP
SET DEFINE OFF;
Insert into PROJECT1.EMP (EMP_ID,EMP_NAME) values (10,'정규직');
Insert into PROJECT1.EMP (EMP_ID,EMP_NAME) values (20,'비정규직');
Insert into PROJECT1.EMP (EMP_ID,EMP_NAME) values (30,'파견');
Insert into PROJECT1.EMP (EMP_ID,EMP_NAME) values (40,'무기계약');
REM INSERTING into PROJECT1.POST
SET DEFINE OFF;
Insert into PROJECT1.POST (POST_IDX,COMPANY_IDX,DUTY_ID,CAREER_ID,EMP_ID,CITY_ID,EDU_ID,POST_TITLE,POST_CONTENT,POST_SALARY,POST_HIT,POST_DDATE,POST_CDATE,POST_FDATE) values (0,0,10,10,10,10,10,'[프론트엔드] 개발자 구함','개발자 구합니다.','2800',0,to_date('24/10/30','RR/MM/DD'),to_date('24/10/24','RR/MM/DD'),to_date('24/10/24','RR/MM/DD'));
Insert into PROJECT1.POST (POST_IDX,COMPANY_IDX,DUTY_ID,CAREER_ID,EMP_ID,CITY_ID,EDU_ID,POST_TITLE,POST_CONTENT,POST_SALARY,POST_HIT,POST_DDATE,POST_CDATE,POST_FDATE) values (1,0,10,20,20,20,30,'[프론트엔드] 개발자 구함','개발자 구합니다.','2800',0,to_date('24/10/30','RR/MM/DD'),to_date('24/10/24','RR/MM/DD'),to_date('24/10/24','RR/MM/DD'));
Insert into PROJECT1.POST (POST_IDX,COMPANY_IDX,DUTY_ID,CAREER_ID,EMP_ID,CITY_ID,EDU_ID,POST_TITLE,POST_CONTENT,POST_SALARY,POST_HIT,POST_DDATE,POST_CDATE,POST_FDATE) values (2,0,10,30,20,30,10,'[프론트엔드] 개발자 구함','개발자 구합니다.','2800',0,to_date('24/10/30','RR/MM/DD'),to_date('24/10/24','RR/MM/DD'),to_date('24/10/24','RR/MM/DD'));
Insert into PROJECT1.POST (POST_IDX,COMPANY_IDX,DUTY_ID,CAREER_ID,EMP_ID,CITY_ID,EDU_ID,POST_TITLE,POST_CONTENT,POST_SALARY,POST_HIT,POST_DDATE,POST_CDATE,POST_FDATE) values (3,0,20,20,20,20,10,'[프론트엔드] 개발자 구함','개발자 구합니다.','2800',0,to_date('24/10/30','RR/MM/DD'),to_date('24/10/24','RR/MM/DD'),to_date('24/10/24','RR/MM/DD'));
Insert into PROJECT1.POST (POST_IDX,COMPANY_IDX,DUTY_ID,CAREER_ID,EMP_ID,CITY_ID,EDU_ID,POST_TITLE,POST_CONTENT,POST_SALARY,POST_HIT,POST_DDATE,POST_CDATE,POST_FDATE) values (4,0,30,10,10,10,10,'[프론트엔드] 개발자 구함','개발자 구합니다.','2800',0,to_date('24/10/30','RR/MM/DD'),to_date('24/10/24','RR/MM/DD'),to_date('24/10/24','RR/MM/DD'));
Insert into PROJECT1.POST (POST_IDX,COMPANY_IDX,DUTY_ID,CAREER_ID,EMP_ID,CITY_ID,EDU_ID,POST_TITLE,POST_CONTENT,POST_SALARY,POST_HIT,POST_DDATE,POST_CDATE,POST_FDATE) values (5,0,20,10,20,10,10,'[프론트엔드] 개발자 구함','개발자 구합니다.','2800',0,to_date('24/10/30','RR/MM/DD'),to_date('24/10/24','RR/MM/DD'),to_date('24/10/24','RR/MM/DD'));
Insert into PROJECT1.POST (POST_IDX,COMPANY_IDX,DUTY_ID,CAREER_ID,EMP_ID,CITY_ID,EDU_ID,POST_TITLE,POST_CONTENT,POST_SALARY,POST_HIT,POST_DDATE,POST_CDATE,POST_FDATE) values (6,0,20,20,20,20,10,'[프론트엔드] 개발자 구함','개발자 구합니다.','2800',0,to_date('24/10/30','RR/MM/DD'),to_date('24/10/24','RR/MM/DD'),to_date('24/10/24','RR/MM/DD'));
Insert into PROJECT1.POST (POST_IDX,COMPANY_IDX,DUTY_ID,CAREER_ID,EMP_ID,CITY_ID,EDU_ID,POST_TITLE,POST_CONTENT,POST_SALARY,POST_HIT,POST_DDATE,POST_CDATE,POST_FDATE) values (7,0,30,10,10,10,10,'[프론트엔드] 개발자 구함','개발자 구합니다.','2800',0,to_date('24/10/30','RR/MM/DD'),to_date('24/10/24','RR/MM/DD'),to_date('24/10/24','RR/MM/DD'));
Insert into PROJECT1.POST (POST_IDX,COMPANY_IDX,DUTY_ID,CAREER_ID,EMP_ID,CITY_ID,EDU_ID,POST_TITLE,POST_CONTENT,POST_SALARY,POST_HIT,POST_DDATE,POST_CDATE,POST_FDATE) values (8,0,20,10,20,10,10,'[프론트엔드] 개발자 구함','개발자 구합니다.','2800',0,to_date('24/10/30','RR/MM/DD'),to_date('24/10/24','RR/MM/DD'),to_date('24/10/24','RR/MM/DD'));
Insert into PROJECT1.POST (POST_IDX,COMPANY_IDX,DUTY_ID,CAREER_ID,EMP_ID,CITY_ID,EDU_ID,POST_TITLE,POST_CONTENT,POST_SALARY,POST_HIT,POST_DDATE,POST_CDATE,POST_FDATE) values (9,0,20,20,20,20,10,'[프론트엔드] 개발자 구함','개발자 구합니다.','2800',0,to_date('24/10/30','RR/MM/DD'),to_date('24/10/24','RR/MM/DD'),to_date('24/10/24','RR/MM/DD'));
Insert into PROJECT1.POST (POST_IDX,COMPANY_IDX,DUTY_ID,CAREER_ID,EMP_ID,CITY_ID,EDU_ID,POST_TITLE,POST_CONTENT,POST_SALARY,POST_HIT,POST_DDATE,POST_CDATE,POST_FDATE) values (10,0,30,10,10,10,10,'[프론트엔드] 개발자 구함','개발자 구합니다.','2800',0,to_date('24/10/30','RR/MM/DD'),to_date('24/10/24','RR/MM/DD'),to_date('24/10/24','RR/MM/DD'));
Insert into PROJECT1.POST (POST_IDX,COMPANY_IDX,DUTY_ID,CAREER_ID,EMP_ID,CITY_ID,EDU_ID,POST_TITLE,POST_CONTENT,POST_SALARY,POST_HIT,POST_DDATE,POST_CDATE,POST_FDATE) values (11,0,20,10,20,10,10,'[프론트엔드] 개발자 구함','개발자 구합니다.','2800',0,to_date('24/10/30','RR/MM/DD'),to_date('24/10/24','RR/MM/DD'),to_date('24/10/24','RR/MM/DD'));
Insert into PROJECT1.POST (POST_IDX,COMPANY_IDX,DUTY_ID,CAREER_ID,EMP_ID,CITY_ID,EDU_ID,POST_TITLE,POST_CONTENT,POST_SALARY,POST_HIT,POST_DDATE,POST_CDATE,POST_FDATE) values (12,0,20,20,20,20,10,'[프론트엔드] 개발자 구함','개발자 구합니다.','2800',0,to_date('24/10/30','RR/MM/DD'),to_date('24/10/24','RR/MM/DD'),to_date('24/10/24','RR/MM/DD'));
Insert into PROJECT1.POST (POST_IDX,COMPANY_IDX,DUTY_ID,CAREER_ID,EMP_ID,CITY_ID,EDU_ID,POST_TITLE,POST_CONTENT,POST_SALARY,POST_HIT,POST_DDATE,POST_CDATE,POST_FDATE) values (13,0,30,10,10,10,10,'[프론트엔드] 개발자 구함','개발자 구합니다.','2800',0,to_date('24/10/30','RR/MM/DD'),to_date('24/10/24','RR/MM/DD'),to_date('24/10/24','RR/MM/DD'));
Insert into PROJECT1.POST (POST_IDX,COMPANY_IDX,DUTY_ID,CAREER_ID,EMP_ID,CITY_ID,EDU_ID,POST_TITLE,POST_CONTENT,POST_SALARY,POST_HIT,POST_DDATE,POST_CDATE,POST_FDATE) values (14,0,20,10,20,10,10,'[프론트엔드] 개발자 구함','개발자 구합니다.','2800',0,to_date('24/10/30','RR/MM/DD'),to_date('24/10/24','RR/MM/DD'),to_date('24/10/24','RR/MM/DD'));
Insert into PROJECT1.POST (POST_IDX,COMPANY_IDX,DUTY_ID,CAREER_ID,EMP_ID,CITY_ID,EDU_ID,POST_TITLE,POST_CONTENT,POST_SALARY,POST_HIT,POST_DDATE,POST_CDATE,POST_FDATE) values (15,0,20,20,20,20,10,'[프론트엔드] 개발자 구함','개발자 구합니다.','2800',0,to_date('24/10/30','RR/MM/DD'),to_date('24/10/24','RR/MM/DD'),to_date('24/10/24','RR/MM/DD'));
Insert into PROJECT1.POST (POST_IDX,COMPANY_IDX,DUTY_ID,CAREER_ID,EMP_ID,CITY_ID,EDU_ID,POST_TITLE,POST_CONTENT,POST_SALARY,POST_HIT,POST_DDATE,POST_CDATE,POST_FDATE) values (16,0,30,10,10,10,10,'[프론트엔드] 개발자 구함','개발자 구합니다.','2800',0,to_date('24/10/30','RR/MM/DD'),to_date('24/10/24','RR/MM/DD'),to_date('24/10/24','RR/MM/DD'));
Insert into PROJECT1.POST (POST_IDX,COMPANY_IDX,DUTY_ID,CAREER_ID,EMP_ID,CITY_ID,EDU_ID,POST_TITLE,POST_CONTENT,POST_SALARY,POST_HIT,POST_DDATE,POST_CDATE,POST_FDATE) values (17,0,20,10,20,10,10,'[프론트엔드] 개발자 구함','개발자 구합니다.','2800',0,to_date('24/10/30','RR/MM/DD'),to_date('24/10/24','RR/MM/DD'),to_date('24/10/24','RR/MM/DD'));
Insert into PROJECT1.POST (POST_IDX,COMPANY_IDX,DUTY_ID,CAREER_ID,EMP_ID,CITY_ID,EDU_ID,POST_TITLE,POST_CONTENT,POST_SALARY,POST_HIT,POST_DDATE,POST_CDATE,POST_FDATE) values (18,0,10,10,10,10,20,'[웹디자이너] 급구함','개발자 구합니다.','2800',0,to_date('24/10/30','RR/MM/DD'),to_date('24/10/24','RR/MM/DD'),to_date('24/10/24','RR/MM/DD'));
Insert into PROJECT1.POST (POST_IDX,COMPANY_IDX,DUTY_ID,CAREER_ID,EMP_ID,CITY_ID,EDU_ID,POST_TITLE,POST_CONTENT,POST_SALARY,POST_HIT,POST_DDATE,POST_CDATE,POST_FDATE) values (19,0,20,30,20,20,20,'[백엔드] 개발자 구함','개발자 구합니다.','2800',0,to_date('24/10/30','RR/MM/DD'),to_date('24/10/24','RR/MM/DD'),to_date('24/10/24','RR/MM/DD'));
REM INSERTING into PROJECT1.POST_SKILL
SET DEFINE OFF;
Insert into PROJECT1.POST_SKILL (POST_SKILL_IDX,POST_IDX,SKILL_ID) values (0,0,10);
REM INSERTING into PROJECT1.RESUME
SET DEFINE OFF;
Insert into PROJECT1.RESUME (RESUME_IDX,USER_IDX,DUTY_ID,CITY_ID,EMP_ID,EDU_ID,RESUME_TITLE,EB_NAME,COVER_LETTER,RESUME_HIT,RESUME_CDATE,RESUME_FDATE) values (0,0,10,10,10,10,'개발자가 되고 싶은','대학교','오늘은 금요일',0,to_date('24/10/25','RR/MM/DD'),to_date('24/10/25','RR/MM/DD'));
REM INSERTING into PROJECT1.RESUME_CAREER
SET DEFINE OFF;
REM INSERTING into PROJECT1.RESUME_SKILL
SET DEFINE OFF;
REM INSERTING into PROJECT1.REVIEW
SET DEFINE OFF;
REM INSERTING into PROJECT1.SCOUT
SET DEFINE OFF;
REM INSERTING into PROJECT1.SKILL
SET DEFINE OFF;
Insert into PROJECT1.SKILL (SKILL_ID,SKILL_NAME) values (10,'HTML');
Insert into PROJECT1.SKILL (SKILL_ID,SKILL_NAME) values (20,'CSS');
Insert into PROJECT1.SKILL (SKILL_ID,SKILL_NAME) values (30,'Java');
Insert into PROJECT1.SKILL (SKILL_ID,SKILL_NAME) values (40,'Oracle');
Insert into PROJECT1.SKILL (SKILL_ID,SKILL_NAME) values (50,'Javascript');
Insert into PROJECT1.SKILL (SKILL_ID,SKILL_NAME) values (60,'JSP');
Insert into PROJECT1.SKILL (SKILL_ID,SKILL_NAME) values (70,'Spring');
Insert into PROJECT1.SKILL (SKILL_ID,SKILL_NAME) values (80,'Github');
Insert into PROJECT1.SKILL (SKILL_ID,SKILL_NAME) values (90,'Vue');
Insert into PROJECT1.SKILL (SKILL_ID,SKILL_NAME) values (100,'Flutter');
REM INSERTING into PROJECT1.USER_BOOKMARK
SET DEFINE OFF;
REM INSERTING into PROJECT1.USERS
SET DEFINE OFF;
Insert into PROJECT1.USERS (USER_IDX,USER_ID,USER_PW,USER_NAME,USER_BIRTHDATE,USER_GENDER,USER_TEL,USER_EMAIL) values (1,'asdf12345','123','유지민','24-10-01','여','010-123-1234','karina@naver.com');
Insert into PROJECT1.USERS (USER_IDX,USER_ID,USER_PW,USER_NAME,USER_BIRTHDATE,USER_GENDER,USER_TEL,USER_EMAIL) values (0,'asd123','asd123','금춘봉','20010101','남','01011111113','asd123@naver.com');
--------------------------------------------------------
--  DDL for Index SYS_C008957
--------------------------------------------------------

  CREATE UNIQUE INDEX "PROJECT1"."SYS_C008957" ON "PROJECT1"."APPLICATION" ("APPLI_IDX") 
  PCTFREE 10 INITRANS 2 MAXTRANS 255 
  STORAGE(INITIAL 65536 NEXT 1048576 MINEXTENTS 1 MAXEXTENTS 2147483645
  PCTINCREASE 0 FREELISTS 1 FREELIST GROUPS 1
  BUFFER_POOL DEFAULT FLASH_CACHE DEFAULT CELL_FLASH_CACHE DEFAULT)
  TABLESPACE "USERS" ;
--------------------------------------------------------
--  DDL for Index SYS_C008838
--------------------------------------------------------

  CREATE UNIQUE INDEX "PROJECT1"."SYS_C008838" ON "PROJECT1"."CAREER" ("CAREER_ID") 
  PCTFREE 10 INITRANS 2 MAXTRANS 255 
  STORAGE(INITIAL 65536 NEXT 1048576 MINEXTENTS 1 MAXEXTENTS 2147483645
  PCTINCREASE 0 FREELISTS 1 FREELIST GROUPS 1
  BUFFER_POOL DEFAULT FLASH_CACHE DEFAULT CELL_FLASH_CACHE DEFAULT)
  TABLESPACE "USERS" ;
--------------------------------------------------------
--  DDL for Index SYS_C008832
--------------------------------------------------------

  CREATE UNIQUE INDEX "PROJECT1"."SYS_C008832" ON "PROJECT1"."CITY" ("CITY_ID") 
  PCTFREE 10 INITRANS 2 MAXTRANS 255 
  STORAGE(INITIAL 65536 NEXT 1048576 MINEXTENTS 1 MAXEXTENTS 2147483645
  PCTINCREASE 0 FREELISTS 1 FREELIST GROUPS 1
  BUFFER_POOL DEFAULT FLASH_CACHE DEFAULT CELL_FLASH_CACHE DEFAULT)
  TABLESPACE "USERS" ;
--------------------------------------------------------
--  DDL for Index SYS_C008913
--------------------------------------------------------

  CREATE UNIQUE INDEX "PROJECT1"."SYS_C008913" ON "PROJECT1"."COMPANY_BOOKMARK" ("CB_IDX") 
  PCTFREE 10 INITRANS 2 MAXTRANS 255 
  TABLESPACE "USERS" ;
--------------------------------------------------------
--  DDL for Index SYS_C008853
--------------------------------------------------------

  CREATE UNIQUE INDEX "PROJECT1"."SYS_C008853" ON "PROJECT1"."COMPANYS" ("COMPANY_IDX") 
  PCTFREE 10 INITRANS 2 MAXTRANS 255 
  STORAGE(INITIAL 65536 NEXT 1048576 MINEXTENTS 1 MAXEXTENTS 2147483645
  PCTINCREASE 0 FREELISTS 1 FREELIST GROUPS 1
  BUFFER_POOL DEFAULT FLASH_CACHE DEFAULT CELL_FLASH_CACHE DEFAULT)
  TABLESPACE "USERS" ;
--------------------------------------------------------
--  DDL for Index SYS_C008854
--------------------------------------------------------

  CREATE UNIQUE INDEX "PROJECT1"."SYS_C008854" ON "PROJECT1"."COMPANYS" ("COMPANY_ID") 
  PCTFREE 10 INITRANS 2 MAXTRANS 255 
  STORAGE(INITIAL 65536 NEXT 1048576 MINEXTENTS 1 MAXEXTENTS 2147483645
  PCTINCREASE 0 FREELISTS 1 FREELIST GROUPS 1
  BUFFER_POOL DEFAULT FLASH_CACHE DEFAULT CELL_FLASH_CACHE DEFAULT)
  TABLESPACE "USERS" ;
--------------------------------------------------------
--  DDL for Index SYS_C008855
--------------------------------------------------------

  CREATE UNIQUE INDEX "PROJECT1"."SYS_C008855" ON "PROJECT1"."COMPANYS" ("COMPANY_BRNUM") 
  PCTFREE 10 INITRANS 2 MAXTRANS 255 
  STORAGE(INITIAL 65536 NEXT 1048576 MINEXTENTS 1 MAXEXTENTS 2147483645
  PCTINCREASE 0 FREELISTS 1 FREELIST GROUPS 1
  BUFFER_POOL DEFAULT FLASH_CACHE DEFAULT CELL_FLASH_CACHE DEFAULT)
  TABLESPACE "USERS" ;
--------------------------------------------------------
--  DDL for Index SYS_C008856
--------------------------------------------------------

  CREATE UNIQUE INDEX "PROJECT1"."SYS_C008856" ON "PROJECT1"."COMPANYS" ("COMPANY_TEL") 
  PCTFREE 10 INITRANS 2 MAXTRANS 255 
  STORAGE(INITIAL 65536 NEXT 1048576 MINEXTENTS 1 MAXEXTENTS 2147483645
  PCTINCREASE 0 FREELISTS 1 FREELIST GROUPS 1
  BUFFER_POOL DEFAULT FLASH_CACHE DEFAULT CELL_FLASH_CACHE DEFAULT)
  TABLESPACE "USERS" ;
--------------------------------------------------------
--  DDL for Index SYS_C008857
--------------------------------------------------------

  CREATE UNIQUE INDEX "PROJECT1"."SYS_C008857" ON "PROJECT1"."COMPANYS" ("COMPANY_EMAIL") 
  PCTFREE 10 INITRANS 2 MAXTRANS 255 
  STORAGE(INITIAL 65536 NEXT 1048576 MINEXTENTS 1 MAXEXTENTS 2147483645
  PCTINCREASE 0 FREELISTS 1 FREELIST GROUPS 1
  BUFFER_POOL DEFAULT FLASH_CACHE DEFAULT CELL_FLASH_CACHE DEFAULT)
  TABLESPACE "USERS" ;
--------------------------------------------------------
--  DDL for Index SYS_C008836
--------------------------------------------------------

  CREATE UNIQUE INDEX "PROJECT1"."SYS_C008836" ON "PROJECT1"."DUTY" ("DUTY_ID") 
  PCTFREE 10 INITRANS 2 MAXTRANS 255 
  STORAGE(INITIAL 65536 NEXT 1048576 MINEXTENTS 1 MAXEXTENTS 2147483645
  PCTINCREASE 0 FREELISTS 1 FREELIST GROUPS 1
  BUFFER_POOL DEFAULT FLASH_CACHE DEFAULT CELL_FLASH_CACHE DEFAULT)
  TABLESPACE "USERS" ;
--------------------------------------------------------
--  DDL for Index SYS_C008840
--------------------------------------------------------

  CREATE UNIQUE INDEX "PROJECT1"."SYS_C008840" ON "PROJECT1"."EDU" ("EDU_ID") 
  PCTFREE 10 INITRANS 2 MAXTRANS 255 
  STORAGE(INITIAL 65536 NEXT 1048576 MINEXTENTS 1 MAXEXTENTS 2147483645
  PCTINCREASE 0 FREELISTS 1 FREELIST GROUPS 1
  BUFFER_POOL DEFAULT FLASH_CACHE DEFAULT CELL_FLASH_CACHE DEFAULT)
  TABLESPACE "USERS" ;
--------------------------------------------------------
--  DDL for Index SYS_C008834
--------------------------------------------------------

  CREATE UNIQUE INDEX "PROJECT1"."SYS_C008834" ON "PROJECT1"."EMP" ("EMP_ID") 
  PCTFREE 10 INITRANS 2 MAXTRANS 255 
  STORAGE(INITIAL 65536 NEXT 1048576 MINEXTENTS 1 MAXEXTENTS 2147483645
  PCTINCREASE 0 FREELISTS 1 FREELIST GROUPS 1
  BUFFER_POOL DEFAULT FLASH_CACHE DEFAULT CELL_FLASH_CACHE DEFAULT)
  TABLESPACE "USERS" ;
--------------------------------------------------------
--  DDL for Index SYS_C008943
--------------------------------------------------------

  CREATE UNIQUE INDEX "PROJECT1"."SYS_C008943" ON "PROJECT1"."POST" ("POST_IDX") 
  PCTFREE 10 INITRANS 2 MAXTRANS 255 
  STORAGE(INITIAL 65536 NEXT 1048576 MINEXTENTS 1 MAXEXTENTS 2147483645
  PCTINCREASE 0 FREELISTS 1 FREELIST GROUPS 1
  BUFFER_POOL DEFAULT FLASH_CACHE DEFAULT CELL_FLASH_CACHE DEFAULT)
  TABLESPACE "USERS" ;
--------------------------------------------------------
--  DDL for Index SYS_C008968
--------------------------------------------------------

  CREATE UNIQUE INDEX "PROJECT1"."SYS_C008968" ON "PROJECT1"."POST_SKILL" ("POST_SKILL_IDX") 
  PCTFREE 10 INITRANS 2 MAXTRANS 255 
  STORAGE(INITIAL 65536 NEXT 1048576 MINEXTENTS 1 MAXEXTENTS 2147483645
  PCTINCREASE 0 FREELISTS 1 FREELIST GROUPS 1
  BUFFER_POOL DEFAULT FLASH_CACHE DEFAULT CELL_FLASH_CACHE DEFAULT)
  TABLESPACE "USERS" ;
--------------------------------------------------------
--  DDL for Index SYS_C008862
--------------------------------------------------------

  CREATE UNIQUE INDEX "PROJECT1"."SYS_C008862" ON "PROJECT1"."RESUME" ("RESUME_IDX") 
  PCTFREE 10 INITRANS 2 MAXTRANS 255 
  STORAGE(INITIAL 65536 NEXT 1048576 MINEXTENTS 1 MAXEXTENTS 2147483645
  PCTINCREASE 0 FREELISTS 1 FREELIST GROUPS 1
  BUFFER_POOL DEFAULT FLASH_CACHE DEFAULT CELL_FLASH_CACHE DEFAULT)
  TABLESPACE "USERS" ;
--------------------------------------------------------
--  DDL for Index SYS_C008884
--------------------------------------------------------

  CREATE UNIQUE INDEX "PROJECT1"."SYS_C008884" ON "PROJECT1"."RESUME_CAREER" ("CAREER_IDX") 
  PCTFREE 10 INITRANS 2 MAXTRANS 255 
  STORAGE(INITIAL 65536 NEXT 1048576 MINEXTENTS 1 MAXEXTENTS 2147483645
  PCTINCREASE 0 FREELISTS 1 FREELIST GROUPS 1
  BUFFER_POOL DEFAULT FLASH_CACHE DEFAULT CELL_FLASH_CACHE DEFAULT)
  TABLESPACE "USERS" ;
--------------------------------------------------------
--  DDL for Index SYS_C008917
--------------------------------------------------------

  CREATE UNIQUE INDEX "PROJECT1"."SYS_C008917" ON "PROJECT1"."RESUME_SKILL" ("RESUME_SKILL_IDX") 
  PCTFREE 10 INITRANS 2 MAXTRANS 255 
  TABLESPACE "USERS" ;
--------------------------------------------------------
--  DDL for Index SYS_C008905
--------------------------------------------------------

  CREATE UNIQUE INDEX "PROJECT1"."SYS_C008905" ON "PROJECT1"."REVIEW" ("REVIEW_IDX") 
  PCTFREE 10 INITRANS 2 MAXTRANS 255 
  TABLESPACE "USERS" ;
--------------------------------------------------------
--  DDL for Index SYS_C008964
--------------------------------------------------------

  CREATE UNIQUE INDEX "PROJECT1"."SYS_C008964" ON "PROJECT1"."SCOUT" ("SCOUT_IDX") 
  PCTFREE 10 INITRANS 2 MAXTRANS 255 
  TABLESPACE "USERS" ;
--------------------------------------------------------
--  DDL for Index SYS_C008830
--------------------------------------------------------

  CREATE UNIQUE INDEX "PROJECT1"."SYS_C008830" ON "PROJECT1"."SKILL" ("SKILL_ID") 
  PCTFREE 10 INITRANS 2 MAXTRANS 255 
  STORAGE(INITIAL 65536 NEXT 1048576 MINEXTENTS 1 MAXEXTENTS 2147483645
  PCTINCREASE 0 FREELISTS 1 FREELIST GROUPS 1
  BUFFER_POOL DEFAULT FLASH_CACHE DEFAULT CELL_FLASH_CACHE DEFAULT)
  TABLESPACE "USERS" ;
--------------------------------------------------------
--  DDL for Index SYS_C008952
--------------------------------------------------------

  CREATE UNIQUE INDEX "PROJECT1"."SYS_C008952" ON "PROJECT1"."USER_BOOKMARK" ("UB_IDX") 
  PCTFREE 10 INITRANS 2 MAXTRANS 255 
  TABLESPACE "USERS" ;
--------------------------------------------------------
--  DDL for Index SYS_C008827
--------------------------------------------------------

  CREATE UNIQUE INDEX "PROJECT1"."SYS_C008827" ON "PROJECT1"."USERS" ("USER_IDX") 
  PCTFREE 10 INITRANS 2 MAXTRANS 255 
  STORAGE(INITIAL 65536 NEXT 1048576 MINEXTENTS 1 MAXEXTENTS 2147483645
  PCTINCREASE 0 FREELISTS 1 FREELIST GROUPS 1
  BUFFER_POOL DEFAULT FLASH_CACHE DEFAULT CELL_FLASH_CACHE DEFAULT)
  TABLESPACE "USERS" ;
--------------------------------------------------------
--  DDL for Index SYS_C008828
--------------------------------------------------------

  CREATE UNIQUE INDEX "PROJECT1"."SYS_C008828" ON "PROJECT1"."USERS" ("USER_ID") 
  PCTFREE 10 INITRANS 2 MAXTRANS 255 
  STORAGE(INITIAL 65536 NEXT 1048576 MINEXTENTS 1 MAXEXTENTS 2147483645
  PCTINCREASE 0 FREELISTS 1 FREELIST GROUPS 1
  BUFFER_POOL DEFAULT FLASH_CACHE DEFAULT CELL_FLASH_CACHE DEFAULT)
  TABLESPACE "USERS" ;
--------------------------------------------------------
--  Constraints for Table APPLICATION
--------------------------------------------------------

  ALTER TABLE "PROJECT1"."APPLICATION" MODIFY ("RESUME_IDX" NOT NULL ENABLE);
  ALTER TABLE "PROJECT1"."APPLICATION" MODIFY ("POST_IDX" NOT NULL ENABLE);
  ALTER TABLE "PROJECT1"."APPLICATION" ADD PRIMARY KEY ("APPLI_IDX")
  USING INDEX PCTFREE 10 INITRANS 2 MAXTRANS 255 
  STORAGE(INITIAL 65536 NEXT 1048576 MINEXTENTS 1 MAXEXTENTS 2147483645
  PCTINCREASE 0 FREELISTS 1 FREELIST GROUPS 1
  BUFFER_POOL DEFAULT FLASH_CACHE DEFAULT CELL_FLASH_CACHE DEFAULT)
  TABLESPACE "USERS"  ENABLE;
--------------------------------------------------------
--  Constraints for Table CAREER
--------------------------------------------------------

  ALTER TABLE "PROJECT1"."CAREER" MODIFY ("CAREER_NAME" NOT NULL ENABLE);
  ALTER TABLE "PROJECT1"."CAREER" ADD PRIMARY KEY ("CAREER_ID")
  USING INDEX PCTFREE 10 INITRANS 2 MAXTRANS 255 
  STORAGE(INITIAL 65536 NEXT 1048576 MINEXTENTS 1 MAXEXTENTS 2147483645
  PCTINCREASE 0 FREELISTS 1 FREELIST GROUPS 1
  BUFFER_POOL DEFAULT FLASH_CACHE DEFAULT CELL_FLASH_CACHE DEFAULT)
  TABLESPACE "USERS"  ENABLE;
--------------------------------------------------------
--  Constraints for Table CITY
--------------------------------------------------------

  ALTER TABLE "PROJECT1"."CITY" MODIFY ("CITY_NAME" NOT NULL ENABLE);
  ALTER TABLE "PROJECT1"."CITY" ADD PRIMARY KEY ("CITY_ID")
  USING INDEX PCTFREE 10 INITRANS 2 MAXTRANS 255 
  STORAGE(INITIAL 65536 NEXT 1048576 MINEXTENTS 1 MAXEXTENTS 2147483645
  PCTINCREASE 0 FREELISTS 1 FREELIST GROUPS 1
  BUFFER_POOL DEFAULT FLASH_CACHE DEFAULT CELL_FLASH_CACHE DEFAULT)
  TABLESPACE "USERS"  ENABLE;
--------------------------------------------------------
--  Constraints for Table COMPANY_BOOKMARK
--------------------------------------------------------

  ALTER TABLE "PROJECT1"."COMPANY_BOOKMARK" MODIFY ("RESUME_IDX" NOT NULL ENABLE);
  ALTER TABLE "PROJECT1"."COMPANY_BOOKMARK" MODIFY ("COMPANY_IDX" NOT NULL ENABLE);
  ALTER TABLE "PROJECT1"."COMPANY_BOOKMARK" ADD PRIMARY KEY ("CB_IDX")
  USING INDEX PCTFREE 10 INITRANS 2 MAXTRANS 255 
  TABLESPACE "USERS"  ENABLE;
--------------------------------------------------------
--  Constraints for Table COMPANYS
--------------------------------------------------------

  ALTER TABLE "PROJECT1"."COMPANYS" MODIFY ("COMPANY_ID" NOT NULL ENABLE);
  ALTER TABLE "PROJECT1"."COMPANYS" MODIFY ("COMPANY_PW" NOT NULL ENABLE);
  ALTER TABLE "PROJECT1"."COMPANYS" MODIFY ("COMPANY_NAME" NOT NULL ENABLE);
  ALTER TABLE "PROJECT1"."COMPANYS" MODIFY ("COMPANY_BRNUM" NOT NULL ENABLE);
  ALTER TABLE "PROJECT1"."COMPANYS" MODIFY ("COMPANY_TEL" NOT NULL ENABLE);
  ALTER TABLE "PROJECT1"."COMPANYS" MODIFY ("COMPANY_AREA" NOT NULL ENABLE);
  ALTER TABLE "PROJECT1"."COMPANYS" MODIFY ("REP_NAME" NOT NULL ENABLE);
  ALTER TABLE "PROJECT1"."COMPANYS" MODIFY ("COMPANY_EMAIL" NOT NULL ENABLE);
  ALTER TABLE "PROJECT1"."COMPANYS" ADD PRIMARY KEY ("COMPANY_IDX")
  USING INDEX PCTFREE 10 INITRANS 2 MAXTRANS 255 
  STORAGE(INITIAL 65536 NEXT 1048576 MINEXTENTS 1 MAXEXTENTS 2147483645
  PCTINCREASE 0 FREELISTS 1 FREELIST GROUPS 1
  BUFFER_POOL DEFAULT FLASH_CACHE DEFAULT CELL_FLASH_CACHE DEFAULT)
  TABLESPACE "USERS"  ENABLE;
  ALTER TABLE "PROJECT1"."COMPANYS" ADD UNIQUE ("COMPANY_ID")
  USING INDEX PCTFREE 10 INITRANS 2 MAXTRANS 255 
  STORAGE(INITIAL 65536 NEXT 1048576 MINEXTENTS 1 MAXEXTENTS 2147483645
  PCTINCREASE 0 FREELISTS 1 FREELIST GROUPS 1
  BUFFER_POOL DEFAULT FLASH_CACHE DEFAULT CELL_FLASH_CACHE DEFAULT)
  TABLESPACE "USERS"  ENABLE;
  ALTER TABLE "PROJECT1"."COMPANYS" ADD UNIQUE ("COMPANY_BRNUM")
  USING INDEX PCTFREE 10 INITRANS 2 MAXTRANS 255 
  STORAGE(INITIAL 65536 NEXT 1048576 MINEXTENTS 1 MAXEXTENTS 2147483645
  PCTINCREASE 0 FREELISTS 1 FREELIST GROUPS 1
  BUFFER_POOL DEFAULT FLASH_CACHE DEFAULT CELL_FLASH_CACHE DEFAULT)
  TABLESPACE "USERS"  ENABLE;
  ALTER TABLE "PROJECT1"."COMPANYS" ADD UNIQUE ("COMPANY_TEL")
  USING INDEX PCTFREE 10 INITRANS 2 MAXTRANS 255 
  STORAGE(INITIAL 65536 NEXT 1048576 MINEXTENTS 1 MAXEXTENTS 2147483645
  PCTINCREASE 0 FREELISTS 1 FREELIST GROUPS 1
  BUFFER_POOL DEFAULT FLASH_CACHE DEFAULT CELL_FLASH_CACHE DEFAULT)
  TABLESPACE "USERS"  ENABLE;
  ALTER TABLE "PROJECT1"."COMPANYS" ADD UNIQUE ("COMPANY_EMAIL")
  USING INDEX PCTFREE 10 INITRANS 2 MAXTRANS 255 
  STORAGE(INITIAL 65536 NEXT 1048576 MINEXTENTS 1 MAXEXTENTS 2147483645
  PCTINCREASE 0 FREELISTS 1 FREELIST GROUPS 1
  BUFFER_POOL DEFAULT FLASH_CACHE DEFAULT CELL_FLASH_CACHE DEFAULT)
  TABLESPACE "USERS"  ENABLE;
--------------------------------------------------------
--  Constraints for Table DUTY
--------------------------------------------------------

  ALTER TABLE "PROJECT1"."DUTY" MODIFY ("DUTY_NAME" NOT NULL ENABLE);
  ALTER TABLE "PROJECT1"."DUTY" ADD PRIMARY KEY ("DUTY_ID")
  USING INDEX PCTFREE 10 INITRANS 2 MAXTRANS 255 
  STORAGE(INITIAL 65536 NEXT 1048576 MINEXTENTS 1 MAXEXTENTS 2147483645
  PCTINCREASE 0 FREELISTS 1 FREELIST GROUPS 1
  BUFFER_POOL DEFAULT FLASH_CACHE DEFAULT CELL_FLASH_CACHE DEFAULT)
  TABLESPACE "USERS"  ENABLE;
--------------------------------------------------------
--  Constraints for Table EDU
--------------------------------------------------------

  ALTER TABLE "PROJECT1"."EDU" MODIFY ("EDU_NAME" NOT NULL ENABLE);
  ALTER TABLE "PROJECT1"."EDU" ADD PRIMARY KEY ("EDU_ID")
  USING INDEX PCTFREE 10 INITRANS 2 MAXTRANS 255 
  STORAGE(INITIAL 65536 NEXT 1048576 MINEXTENTS 1 MAXEXTENTS 2147483645
  PCTINCREASE 0 FREELISTS 1 FREELIST GROUPS 1
  BUFFER_POOL DEFAULT FLASH_CACHE DEFAULT CELL_FLASH_CACHE DEFAULT)
  TABLESPACE "USERS"  ENABLE;
--------------------------------------------------------
--  Constraints for Table EMP
--------------------------------------------------------

  ALTER TABLE "PROJECT1"."EMP" MODIFY ("EMP_NAME" NOT NULL ENABLE);
  ALTER TABLE "PROJECT1"."EMP" ADD PRIMARY KEY ("EMP_ID")
  USING INDEX PCTFREE 10 INITRANS 2 MAXTRANS 255 
  STORAGE(INITIAL 65536 NEXT 1048576 MINEXTENTS 1 MAXEXTENTS 2147483645
  PCTINCREASE 0 FREELISTS 1 FREELIST GROUPS 1
  BUFFER_POOL DEFAULT FLASH_CACHE DEFAULT CELL_FLASH_CACHE DEFAULT)
  TABLESPACE "USERS"  ENABLE;
--------------------------------------------------------
--  Constraints for Table POST
--------------------------------------------------------

  ALTER TABLE "PROJECT1"."POST" MODIFY ("COMPANY_IDX" NOT NULL ENABLE);
  ALTER TABLE "PROJECT1"."POST" MODIFY ("POST_TITLE" NOT NULL ENABLE);
  ALTER TABLE "PROJECT1"."POST" MODIFY ("POST_CONTENT" NOT NULL ENABLE);
  ALTER TABLE "PROJECT1"."POST" MODIFY ("POST_SALARY" NOT NULL ENABLE);
  ALTER TABLE "PROJECT1"."POST" MODIFY ("POST_DDATE" NOT NULL ENABLE);
  ALTER TABLE "PROJECT1"."POST" ADD PRIMARY KEY ("POST_IDX")
  USING INDEX PCTFREE 10 INITRANS 2 MAXTRANS 255 
  STORAGE(INITIAL 65536 NEXT 1048576 MINEXTENTS 1 MAXEXTENTS 2147483645
  PCTINCREASE 0 FREELISTS 1 FREELIST GROUPS 1
  BUFFER_POOL DEFAULT FLASH_CACHE DEFAULT CELL_FLASH_CACHE DEFAULT)
  TABLESPACE "USERS"  ENABLE;
--------------------------------------------------------
--  Constraints for Table POST_SKILL
--------------------------------------------------------

  ALTER TABLE "PROJECT1"."POST_SKILL" MODIFY ("POST_IDX" NOT NULL ENABLE);
  ALTER TABLE "PROJECT1"."POST_SKILL" ADD PRIMARY KEY ("POST_SKILL_IDX")
  USING INDEX PCTFREE 10 INITRANS 2 MAXTRANS 255 
  STORAGE(INITIAL 65536 NEXT 1048576 MINEXTENTS 1 MAXEXTENTS 2147483645
  PCTINCREASE 0 FREELISTS 1 FREELIST GROUPS 1
  BUFFER_POOL DEFAULT FLASH_CACHE DEFAULT CELL_FLASH_CACHE DEFAULT)
  TABLESPACE "USERS"  ENABLE;
--------------------------------------------------------
--  Constraints for Table RESUME
--------------------------------------------------------

  ALTER TABLE "PROJECT1"."RESUME" MODIFY ("USER_IDX" NOT NULL ENABLE);
  ALTER TABLE "PROJECT1"."RESUME" MODIFY ("RESUME_TITLE" NOT NULL ENABLE);
  ALTER TABLE "PROJECT1"."RESUME" MODIFY ("EB_NAME" NOT NULL ENABLE);
  ALTER TABLE "PROJECT1"."RESUME" MODIFY ("COVER_LETTER" NOT NULL ENABLE);
  ALTER TABLE "PROJECT1"."RESUME" ADD PRIMARY KEY ("RESUME_IDX")
  USING INDEX PCTFREE 10 INITRANS 2 MAXTRANS 255 
  STORAGE(INITIAL 65536 NEXT 1048576 MINEXTENTS 1 MAXEXTENTS 2147483645
  PCTINCREASE 0 FREELISTS 1 FREELIST GROUPS 1
  BUFFER_POOL DEFAULT FLASH_CACHE DEFAULT CELL_FLASH_CACHE DEFAULT)
  TABLESPACE "USERS"  ENABLE;
--------------------------------------------------------
--  Constraints for Table RESUME_CAREER
--------------------------------------------------------

  ALTER TABLE "PROJECT1"."RESUME_CAREER" MODIFY ("RESUME_IDX" NOT NULL ENABLE);
  ALTER TABLE "PROJECT1"."RESUME_CAREER" MODIFY ("CAREER_CNAME" NOT NULL ENABLE);
  ALTER TABLE "PROJECT1"."RESUME_CAREER" MODIFY ("CAREER_DESCRIPTION" NOT NULL ENABLE);
  ALTER TABLE "PROJECT1"."RESUME_CAREER" MODIFY ("CAREER_SDATE" NOT NULL ENABLE);
  ALTER TABLE "PROJECT1"."RESUME_CAREER" ADD PRIMARY KEY ("CAREER_IDX")
  USING INDEX PCTFREE 10 INITRANS 2 MAXTRANS 255 
  STORAGE(INITIAL 65536 NEXT 1048576 MINEXTENTS 1 MAXEXTENTS 2147483645
  PCTINCREASE 0 FREELISTS 1 FREELIST GROUPS 1
  BUFFER_POOL DEFAULT FLASH_CACHE DEFAULT CELL_FLASH_CACHE DEFAULT)
  TABLESPACE "USERS"  ENABLE;
--------------------------------------------------------
--  Constraints for Table RESUME_SKILL
--------------------------------------------------------

  ALTER TABLE "PROJECT1"."RESUME_SKILL" MODIFY ("RESUME_IDX" NOT NULL ENABLE);
  ALTER TABLE "PROJECT1"."RESUME_SKILL" ADD PRIMARY KEY ("RESUME_SKILL_IDX")
  USING INDEX PCTFREE 10 INITRANS 2 MAXTRANS 255 
  TABLESPACE "USERS"  ENABLE;
--------------------------------------------------------
--  Constraints for Table REVIEW
--------------------------------------------------------

  ALTER TABLE "PROJECT1"."REVIEW" MODIFY ("USER_IDX" NOT NULL ENABLE);
  ALTER TABLE "PROJECT1"."REVIEW" MODIFY ("COMPANY_IDX" NOT NULL ENABLE);
  ALTER TABLE "PROJECT1"."REVIEW" MODIFY ("WC_POINT" NOT NULL ENABLE);
  ALTER TABLE "PROJECT1"."REVIEW" MODIFY ("WLB_POINT" NOT NULL ENABLE);
  ALTER TABLE "PROJECT1"."REVIEW" MODIFY ("CC_POINT" NOT NULL ENABLE);
  ALTER TABLE "PROJECT1"."REVIEW" MODIFY ("PO_POINT" NOT NULL ENABLE);
  ALTER TABLE "PROJECT1"."REVIEW" MODIFY ("EM_POINT" NOT NULL ENABLE);
  ALTER TABLE "PROJECT1"."REVIEW" MODIFY ("REVIEW_PROS" NOT NULL ENABLE);
  ALTER TABLE "PROJECT1"."REVIEW" MODIFY ("REVIEW_CON" NOT NULL ENABLE);
  ALTER TABLE "PROJECT1"."REVIEW" ADD PRIMARY KEY ("REVIEW_IDX")
  USING INDEX PCTFREE 10 INITRANS 2 MAXTRANS 255 
  TABLESPACE "USERS"  ENABLE;
--------------------------------------------------------
--  Constraints for Table SCOUT
--------------------------------------------------------

  ALTER TABLE "PROJECT1"."SCOUT" ADD PRIMARY KEY ("SCOUT_IDX")
  USING INDEX PCTFREE 10 INITRANS 2 MAXTRANS 255 
  TABLESPACE "USERS"  ENABLE;
--------------------------------------------------------
--  Constraints for Table SKILL
--------------------------------------------------------

  ALTER TABLE "PROJECT1"."SKILL" MODIFY ("SKILL_NAME" NOT NULL ENABLE);
  ALTER TABLE "PROJECT1"."SKILL" ADD PRIMARY KEY ("SKILL_ID")
  USING INDEX PCTFREE 10 INITRANS 2 MAXTRANS 255 
  STORAGE(INITIAL 65536 NEXT 1048576 MINEXTENTS 1 MAXEXTENTS 2147483645
  PCTINCREASE 0 FREELISTS 1 FREELIST GROUPS 1
  BUFFER_POOL DEFAULT FLASH_CACHE DEFAULT CELL_FLASH_CACHE DEFAULT)
  TABLESPACE "USERS"  ENABLE;
--------------------------------------------------------
--  Constraints for Table USER_BOOKMARK
--------------------------------------------------------

  ALTER TABLE "PROJECT1"."USER_BOOKMARK" MODIFY ("USER_IDX" NOT NULL ENABLE);
  ALTER TABLE "PROJECT1"."USER_BOOKMARK" MODIFY ("POST_IDX" NOT NULL ENABLE);
  ALTER TABLE "PROJECT1"."USER_BOOKMARK" ADD PRIMARY KEY ("UB_IDX")
  USING INDEX PCTFREE 10 INITRANS 2 MAXTRANS 255 
  TABLESPACE "USERS"  ENABLE;
--------------------------------------------------------
--  Constraints for Table USERS
--------------------------------------------------------

  ALTER TABLE "PROJECT1"."USERS" MODIFY ("USER_ID" NOT NULL ENABLE);
  ALTER TABLE "PROJECT1"."USERS" MODIFY ("USER_PW" NOT NULL ENABLE);
  ALTER TABLE "PROJECT1"."USERS" MODIFY ("USER_NAME" NOT NULL ENABLE);
  ALTER TABLE "PROJECT1"."USERS" MODIFY ("USER_BIRTHDATE" NOT NULL ENABLE);
  ALTER TABLE "PROJECT1"."USERS" MODIFY ("USER_GENDER" NOT NULL ENABLE);
  ALTER TABLE "PROJECT1"."USERS" MODIFY ("USER_TEL" NOT NULL ENABLE);
  ALTER TABLE "PROJECT1"."USERS" MODIFY ("USER_EMAIL" NOT NULL ENABLE);
  ALTER TABLE "PROJECT1"."USERS" ADD PRIMARY KEY ("USER_IDX")
  USING INDEX PCTFREE 10 INITRANS 2 MAXTRANS 255 
  STORAGE(INITIAL 65536 NEXT 1048576 MINEXTENTS 1 MAXEXTENTS 2147483645
  PCTINCREASE 0 FREELISTS 1 FREELIST GROUPS 1
  BUFFER_POOL DEFAULT FLASH_CACHE DEFAULT CELL_FLASH_CACHE DEFAULT)
  TABLESPACE "USERS"  ENABLE;
  ALTER TABLE "PROJECT1"."USERS" ADD UNIQUE ("USER_ID")
  USING INDEX PCTFREE 10 INITRANS 2 MAXTRANS 255 
  STORAGE(INITIAL 65536 NEXT 1048576 MINEXTENTS 1 MAXEXTENTS 2147483645
  PCTINCREASE 0 FREELISTS 1 FREELIST GROUPS 1
  BUFFER_POOL DEFAULT FLASH_CACHE DEFAULT CELL_FLASH_CACHE DEFAULT)
  TABLESPACE "USERS"  ENABLE;
--------------------------------------------------------
--  Ref Constraints for Table APPLICATION
--------------------------------------------------------

  ALTER TABLE "PROJECT1"."APPLICATION" ADD FOREIGN KEY ("RESUME_IDX")
	  REFERENCES "PROJECT1"."RESUME" ("RESUME_IDX") ENABLE;
  ALTER TABLE "PROJECT1"."APPLICATION" ADD FOREIGN KEY ("POST_IDX")
	  REFERENCES "PROJECT1"."POST" ("POST_IDX") ENABLE;
--------------------------------------------------------
--  Ref Constraints for Table COMPANY_BOOKMARK
--------------------------------------------------------

  ALTER TABLE "PROJECT1"."COMPANY_BOOKMARK" ADD FOREIGN KEY ("RESUME_IDX")
	  REFERENCES "PROJECT1"."RESUME" ("RESUME_IDX") ENABLE;
  ALTER TABLE "PROJECT1"."COMPANY_BOOKMARK" ADD FOREIGN KEY ("COMPANY_IDX")
	  REFERENCES "PROJECT1"."COMPANYS" ("COMPANY_IDX") ENABLE;
--------------------------------------------------------
--  Ref Constraints for Table POST
--------------------------------------------------------

  ALTER TABLE "PROJECT1"."POST" ADD FOREIGN KEY ("COMPANY_IDX")
	  REFERENCES "PROJECT1"."COMPANYS" ("COMPANY_IDX") ENABLE;
  ALTER TABLE "PROJECT1"."POST" ADD FOREIGN KEY ("CAREER_ID")
	  REFERENCES "PROJECT1"."CAREER" ("CAREER_ID") ENABLE;
  ALTER TABLE "PROJECT1"."POST" ADD FOREIGN KEY ("DUTY_ID")
	  REFERENCES "PROJECT1"."DUTY" ("DUTY_ID") ENABLE;
  ALTER TABLE "PROJECT1"."POST" ADD FOREIGN KEY ("CITY_ID")
	  REFERENCES "PROJECT1"."CITY" ("CITY_ID") ENABLE;
  ALTER TABLE "PROJECT1"."POST" ADD FOREIGN KEY ("EMP_ID")
	  REFERENCES "PROJECT1"."EMP" ("EMP_ID") ENABLE;
  ALTER TABLE "PROJECT1"."POST" ADD FOREIGN KEY ("EDU_ID")
	  REFERENCES "PROJECT1"."EDU" ("EDU_ID") ENABLE;
--------------------------------------------------------
--  Ref Constraints for Table POST_SKILL
--------------------------------------------------------

  ALTER TABLE "PROJECT1"."POST_SKILL" ADD FOREIGN KEY ("POST_IDX")
	  REFERENCES "PROJECT1"."POST" ("POST_IDX") ENABLE;
  ALTER TABLE "PROJECT1"."POST_SKILL" ADD FOREIGN KEY ("SKILL_ID")
	  REFERENCES "PROJECT1"."SKILL" ("SKILL_ID") ENABLE;
--------------------------------------------------------
--  Ref Constraints for Table RESUME
--------------------------------------------------------

  ALTER TABLE "PROJECT1"."RESUME" ADD FOREIGN KEY ("USER_IDX")
	  REFERENCES "PROJECT1"."USERS" ("USER_IDX") ENABLE;
  ALTER TABLE "PROJECT1"."RESUME" ADD FOREIGN KEY ("DUTY_ID")
	  REFERENCES "PROJECT1"."DUTY" ("DUTY_ID") ENABLE;
  ALTER TABLE "PROJECT1"."RESUME" ADD FOREIGN KEY ("CITY_ID")
	  REFERENCES "PROJECT1"."CITY" ("CITY_ID") ENABLE;
  ALTER TABLE "PROJECT1"."RESUME" ADD FOREIGN KEY ("EMP_ID")
	  REFERENCES "PROJECT1"."EMP" ("EMP_ID") ENABLE;
  ALTER TABLE "PROJECT1"."RESUME" ADD FOREIGN KEY ("EDU_ID")
	  REFERENCES "PROJECT1"."EDU" ("EDU_ID") ENABLE;
--------------------------------------------------------
--  Ref Constraints for Table RESUME_CAREER
--------------------------------------------------------

  ALTER TABLE "PROJECT1"."RESUME_CAREER" ADD FOREIGN KEY ("RESUME_IDX")
	  REFERENCES "PROJECT1"."RESUME" ("RESUME_IDX") ENABLE;
--------------------------------------------------------
--  Ref Constraints for Table RESUME_SKILL
--------------------------------------------------------

  ALTER TABLE "PROJECT1"."RESUME_SKILL" ADD FOREIGN KEY ("RESUME_IDX")
	  REFERENCES "PROJECT1"."RESUME" ("RESUME_IDX") ENABLE;
  ALTER TABLE "PROJECT1"."RESUME_SKILL" ADD FOREIGN KEY ("SKILL_ID")
	  REFERENCES "PROJECT1"."SKILL" ("SKILL_ID") ENABLE;
--------------------------------------------------------
--  Ref Constraints for Table REVIEW
--------------------------------------------------------

  ALTER TABLE "PROJECT1"."REVIEW" ADD FOREIGN KEY ("USER_IDX")
	  REFERENCES "PROJECT1"."USERS" ("USER_IDX") ENABLE;
  ALTER TABLE "PROJECT1"."REVIEW" ADD FOREIGN KEY ("COMPANY_IDX")
	  REFERENCES "PROJECT1"."COMPANYS" ("COMPANY_IDX") ENABLE;
--------------------------------------------------------
--  Ref Constraints for Table SCOUT
--------------------------------------------------------

  ALTER TABLE "PROJECT1"."SCOUT" ADD FOREIGN KEY ("USER_IDX")
	  REFERENCES "PROJECT1"."USERS" ("USER_IDX") ENABLE;
  ALTER TABLE "PROJECT1"."SCOUT" ADD FOREIGN KEY ("POST_IDX")
	  REFERENCES "PROJECT1"."POST" ("POST_IDX") ENABLE;
--------------------------------------------------------
--  Ref Constraints for Table USER_BOOKMARK
--------------------------------------------------------

  ALTER TABLE "PROJECT1"."USER_BOOKMARK" ADD FOREIGN KEY ("USER_IDX")
	  REFERENCES "PROJECT1"."USERS" ("USER_IDX") ENABLE;
  ALTER TABLE "PROJECT1"."USER_BOOKMARK" ADD FOREIGN KEY ("POST_IDX")
	  REFERENCES "PROJECT1"."POST" ("POST_IDX") ENABLE;
